<?xml version="1.0" encoding="UTF-8" standalone="yes"?>
<addon id="service.subtitles.nscreen"
       name="nScreen.info"
       version="0.9.7"
       provider-name="rasberryrabbit">
    <requires>
        <import addon="xbmc.python" version="2.14.0"/>
    </requires>
    <extension point="xbmc.subtitle.module"
               library="service.py"/>
    <extension point="xbmc.addon.metadata">
        <summary lang="en">Get subtitles from nscreen.info</summary>
        <description lang="en">Get subtitles from nscreen.info</description>
        <disclaimer lang="en"/>
        <platform>all</platform>
        <language/>
        <license>GNU GENERAL PUBLIC LICENSE. Version 2, June 1991</license>
        <forum/>
        <website/>
        <email/>
        <source>https://github.com/rasberryrabbit/service.subtitles.nscreen</source>
    </extension>
</addon>
