<?xml version="1.0" encoding="UTF-8" standalone="yes"?>
<addon id="service.subtitles.jamak"
       name="jamak.kr"
       version="0.2.1"
       provider-name="unknown">
    <requires>
        <import addon="xbmc.python" version="2.14.0"/>
    </requires>
    <extension point="xbmc.subtitle.module"
               library="service.py"/>
    <extension point="xbmc.addon.metadata">
        <summary lang="en">Get subtitles from jamak.kr</summary>
        <description lang="en">Get subtitles from jamak.kr</description>
        <disclaimer lang="en"/>
        <platform>all</platform>
        <language/>
        <license>GNU GENERAL PUBLIC LICENSE. Version 2, June 1991</license>
        <forum>http://jamak.kr</forum>
        <website/>
        <email/>
        <source>https://github.com/rasberryrabbit/service.subtitles.jamak</source>
    </extension>
</addon>
