<?xml version="1.0" encoding="UTF-8" standalone="yes"?>
<addon id="service.subtitles.jamacknet"
       name="jamack.net"
       version="0.1.2"
       provider-name="rasberryrabbit">
    <requires>
        <import addon="xbmc.python" version="2.14.0"/>
    </requires>
    <extension point="xbmc.subtitle.module"
               library="service.py"/>
    <extension point="xbmc.addon.metadata">
        <summary lang="en">Get subtitles from jamack.net</summary>
        <description lang="en">jamack.net is site for Korean subtitles</description>
        <disclaimer lang="en"/>
        <platform>all</platform>
        <language/>
        <license>GNU GENERAL PUBLIC LICENSE. Version 2, June 1991</license>
        <forum/>
        <website/>
        <email/>
        <source/>
    </extension>
</addon>
