<?xml version="1.0" encoding="UTF-8" standalone="yes"?>
<addon id="service.subtitles.22min"
       name="22min.com"
       version="0.8.30"
       provider-name="rasberryrabbit">
    <requires>
        <import addon="xbmc.python" version="2.14.0"/>
    </requires>
    <extension point="xbmc.subtitle.module"
               library="service.py"/>
    <extension point="xbmc.addon.metadata">
        <summary lang="en">Get subtitles from 22min.com</summary>
        <description lang="en">22min.com is search engine for Korean subtitles from DCInside and Bunyuc forum</description>
        <disclaimer lang="en"/>
        <platform>all</platform>
        <language/>
        <license>GNU GENERAL PUBLIC LICENSE. Version 2, June 1991</license>
        <forum/>
        <website/>
        <email/>
        <source>https://github.com/rasberryrabbit/service.subtitles.22min</source>
    </extension>
</addon>
