<?xml version="1.0" encoding="UTF-8" standalone="yes"?>
<addon id="repository.rasberryrabbit" name="rasberryrabbit's XBMC Addons" version="0.1" provider-name="rasberryrabbit">
	<extension point="xbmc.addon.repository" name="rasberryrabbit's XBMC Addon Repository">
		<info compressed="false">https://raw.githubusercontent.com/rasberryrabbit/rasberryrabbit-xbmc-repo/master/addons.xml</info>
		<checksum>https://raw.githubusercontent.com/rasberryrabbit/rasberryrabbit-xbmc-repo/master/addons.xml.md5</checksum>
		<datadir zip="true">https://raw.githubusercontent.com/rasberryrabbit/rasberryrabbit-xbmc-repo/master/repo/</datadir>
	</extension>
	<extension point="xbmc.addon.metadata">
		<summary>Install rasberryrabbit's Addons</summary>
		<forum/>
		<description>Download and install addons by rasberryrabbit</description>
		<platform>all</platform>
	</extension>
</addon>